{
  "HTTP Request-1" : {
    "transaction" : "HTTP Request-1",
    "sampleCount" : 1000,
    "errorCount" : 869,
    "errorPct" : 86.9,
    "meanResTime" : 3323.022,
    "medianResTime" : 2876.0,
    "minResTime" : 237.0,
    "maxResTime" : 15802.0,
    "pct1ResTime" : 5315.4,
    "pct2ResTime" : 10459.599999999999,
    "pct3ResTime" : 14118.490000000003,
    "throughput" : 54.344872561273846,
    "receivedKBytesPerSec" : 616.3019014761426,
    "sentKBytesPerSec" : 7.111536057822945
  },
  "Total" : {
    "transaction" : "Total",
    "sampleCount" : 3000,
    "errorCount" : 1738,
    "errorPct" : 57.933334,
    "meanResTime" : 2561.905666666673,
    "medianResTime" : 1931.5,
    "minResTime" : 41.0,
    "maxResTime" : 16023.0,
    "pct1ResTime" : 5138.9,
    "pct2ResTime" : 7788.24999999999,
    "pct3ResTime" : 13715.969999999978,
    "throughput" : 160.90967603518558,
    "receivedKBytesPerSec" : 1291.7222238052457,
    "sentKBytesPerSec" : 28.075386183222488
  },
  "HTTP Request-0" : {
    "transaction" : "HTTP Request-0",
    "sampleCount" : 1000,
    "errorCount" : 0,
    "errorPct" : 0.0,
    "meanResTime" : 407.4700000000004,
    "medianResTime" : 180.0,
    "minResTime" : 41.0,
    "maxResTime" : 2140.0,
    "pct1ResTime" : 1414.0999999999995,
    "pct2ResTime" : 1507.5999999999995,
    "pct3ResTime" : 2054.7200000000003,
    "throughput" : 178.89087656529517,
    "receivedKBytesPerSec" : 125.37804673524151,
    "sentKBytesPerSec" : 23.409548300536674
  },
  "HTTP Request" : {
    "transaction" : "HTTP Request",
    "sampleCount" : 1000,
    "errorCount" : 869,
    "errorPct" : 86.9,
    "meanResTime" : 3955.2249999999985,
    "medianResTime" : 3769.5,
    "minResTime" : 280.0,
    "maxResTime" : 16023.0,
    "pct1ResTime" : 5815.5999999999985,
    "pct2ResTime" : 11027.599999999988,
    "pct3ResTime" : 15165.58,
    "throughput" : 53.6365586783952,
    "receivedKBytesPerSec" : 645.8611119026228,
    "sentKBytesPerSec" : 14.037693091611244
  }
}