{
  "HTTP Request-1" : {
    "transaction" : "HTTP Request-1",
    "sampleCount" : 100,
    "errorCount" : 1,
    "errorPct" : 1.0,
    "meanResTime" : 7363.049999999999,
    "medianResTime" : 7471.5,
    "minResTime" : 592.0,
    "maxResTime" : 12979.0,
    "pct1ResTime" : 12045.2,
    "pct2ResTime" : 12850.05,
    "pct3ResTime" : 12978.95,
    "throughput" : 7.183391997701315,
    "receivedKBytesPerSec" : 553.8436618912076,
    "sentKBytesPerSec" : 0.9400141871991955
  },
  "Total" : {
    "transaction" : "Total",
    "sampleCount" : 300,
    "errorCount" : 2,
    "errorPct" : 0.6666667,
    "meanResTime" : 4961.459999999997,
    "medianResTime" : 4072.5,
    "minResTime" : 43.0,
    "maxResTime" : 13130.0,
    "pct1ResTime" : 11933.2,
    "pct2ResTime" : 12790.5,
    "pct3ResTime" : 13030.48,
    "throughput" : 21.31893121091529,
    "receivedKBytesPerSec" : 1105.7667431335276,
    "sentKBytesPerSec" : 3.7197093519044913
  },
  "HTTP Request-0" : {
    "transaction" : "HTTP Request-0",
    "sampleCount" : 100,
    "errorCount" : 0,
    "errorPct" : 0.0,
    "meanResTime" : 77.55000000000004,
    "medianResTime" : 61.5,
    "minResTime" : 43.0,
    "maxResTime" : 165.0,
    "pct1ResTime" : 147.0,
    "pct2ResTime" : 148.0,
    "pct3ResTime" : 164.87999999999994,
    "throughput" : 75.52870090634441,
    "receivedKBytesPerSec" : 52.958600830815705,
    "sentKBytesPerSec" : 9.883638595166163
  },
  "HTTP Request" : {
    "transaction" : "HTTP Request",
    "sampleCount" : 100,
    "errorCount" : 1,
    "errorPct" : 1.0,
    "meanResTime" : 7443.78,
    "medianResTime" : 7534.5,
    "minResTime" : 655.0,
    "maxResTime" : 13130.0,
    "pct1ResTime" : 12149.300000000001,
    "pct2ResTime" : 12904.0,
    "pct3ResTime" : 13129.43,
    "throughput" : 7.106310403638431,
    "receivedKBytesPerSec" : 552.8833715667638,
    "sentKBytesPerSec" : 1.8598546759522456
  }
}